<keymap version="1" name="Windows copy Proper Redo" parent="$default">
  <action id="$Redo">
    <keyboard-shortcut first-keystroke="shift ctrl z" />
    <keyboard-shortcut first-keystroke="shift alt back_space" />
    <keyboard-shortcut first-keystroke="ctrl y" />
  </action>
  <action id="$Undo">
    <keyboard-shortcut first-keystroke="ctrl z" />
  </action>
  <action id="CloseContent">
    <keyboard-shortcut first-keystroke="ctrl w" />
  </action>
  <action id="EditorDeleteLine">
    <keyboard-shortcut first-keystroke="alt back_space" />
  </action>
  <action id="EditorSelectWord" />
  <action id="TableResult.GrowSelection" />
  <action id="UsageFiltering.WriteAccess" />
</keymap>